Machine Name,Policy Target,Subcategory,Subcategory GUID,Inclusion Setting,Exclusion Setting,Setting Value
,System,Audit Kerberos Authentication Service,{0cce9242-69ae-11d9-bed3-505054503030},Success,,1
,System,Audit Other Account Logon Events,{0cce9241-69ae-11d9-bed3-505054503030},Success,,1
,System,Audit Computer Account Management,{0cce9236-69ae-11d9-bed3-505054503030},Success,,1
,System,Audit User Account Management,{0cce9235-69ae-11d9-bed3-505054503030},Success,,1
,System,Audit Process Creation,{0cce922b-69ae-11d9-bed3-505054503030},Success,,1
,System,Audit RPC Events,{0cce922e-69ae-11d9-bed3-505054503030},Success and Failure,,3
,System,Audit Account Lockout,{0cce9217-69ae-11d9-bed3-505054503030},Success,,1
,System,Audit User / Device Claims,{0cce9247-69ae-11d9-bed3-505054503030},Success and Failure,,3
,System,Audit Logoff,{0cce9216-69ae-11d9-bed3-505054503030},Success,,1
,System,Audit Logon,{0cce9215-69ae-11d9-bed3-505054503030},Success,,1
,System,Audit Other Logon/Logoff Events,{0cce921c-69ae-11d9-bed3-505054503030},Success,,1
,System,Audit Special Logon,{0cce921b-69ae-11d9-bed3-505054503030},Success,,1
,System,Audit Kernel Object,{0cce921f-69ae-11d9-bed3-505054503030},Success and Failure,,3
,System,Audit Other System Events,{0cce9214-69ae-11d9-bed3-505054503030},Success,,1
,System,Audit Security State Change,{0cce9210-69ae-11d9-bed3-505054503030},Success,,1
,System,Audit Security System Extension,{0cce9211-69ae-11d9-bed3-505054503030},Success,,1
,System,Audit System Integrity,{0cce9212-69ae-11d9-bed3-505054503030},Success and Failure,,3
